Symbol,Company name
20MICRONS,20 Microns Limited
21STCENMGM,21st Century Management Services Limited
3IINFOTECH,3i Infotech Limited
3MINDIA,3M India Limited
3PLAND,3P Land Holdings Limited
3RDROCK,3rd Rock Multimedia Limited
5PAISA,5Paisa Capital Limited
63MOONS,63 Moons Technologies Limited
AMJUMBO,A and M Jumbo Bags Limited
ABINFRA,A B Infrabuild Limited
ABNINT,A B N Intercorp Limited
A2ZINFRA,A2Z Infra Engineering Limited
AAKASH,Aakash Exploration Services Limited
AARON,Aaron Industries Limited
AARTIDRUGS,Aarti Drugs Limited
AARTIIND,Aarti Industries Limited
AARVEEDEN,Aarvee Denims & Exports Limited
AARVI,Aarvi Encon Limited
AAVAS,Aavas Financiers Limited
ABAN,Aban Offshore Limited
ABB,ABB India Limited
POWERINDIA,ABB Power Products and Systems India Limited
ABMINTLTD,ABM International Limited
ACC,ACC Limited
ACCELYA,Accelya Solutions India Limited
ACCORD,Accord Synergy Limited
ACCURACY,Accuracy Shipping Limited
ACEINTEG,Ace Integrated Solutions Limited
ACE,Action Construction Equipment Limited
ADANIENT,Adani Enterprises Limited
ADANIGAS,Adani Gas Limited
ADANIGREEN,Adani Green Energy Limited
ADANIPORTS,Adani Ports and Special Economic Zone Limited
ADANIPOWER,Adani Power Limited
ADANITRANS,Adani Transmission Limited
ADFFOODS,ADF Foods Limited
ADHUNIKIND,Adhunik Industries Limited
ABCAPITAL,Aditya Birla Capital Limited
ABFRL,Aditya Birla Fashion and Retail Limited
BIRLAMONEY,Aditya Birla Money Limited
ADLABS,Adlabs Entertainment Limited
ADORWELD,Ador Welding Limited
ADROITINFO,Adroit Infotech Limited
ADVENZYMES,Advanced Enzyme Technologies Limited
ADVANIHOTR,Advani Hotels & Resorts (India) Limited
AEGISCHEM,Aegis Logistics Limited
AFFLE,Affle (India) Limited
AGARIND,Agarwal Industrial Corporation Limited
AGCNET,AGC Networks Limited
AGRITECH,Agri-Tech (India) Limited
AGROPHOS,Agro Phos India Limited
ATFL,Agro Tech Foods Limited
AHIMSA,Ahimsa Industries Limited
AHLADA,Ahlada Engineers Limited
AHLUCONT,Ahluwalia Contracts (India) Limited
AIAENG,AIA Engineering Limited
AIRAN,Airan Limited
AIROLAM,Airo Lam limited
AJANTPHARM,Ajanta Pharma Limited
AJMERA,Ajmera Realty & Infra India Limited
AJOONI,Ajooni Biotech Limited
AKASH,Akash Infra-Projects Limited
AKG,Akg Exim Limited
AKSHOPTFBR,Aksh Optifibre Limited
AKSHARCHEM,AksharChem India Limited
AKZOINDIA,Akzo Nobel India Limited
ALANKIT,Alankit Limited
ALBERTDAVD,Albert David Limited
ALCHEM,Alchemist Limited
ALEMBICLTD,Alembic Limited
APLLTD,Alembic Pharmaceuticals Limited
ALICON,Alicon Castalloy Limited
ALKALI,Alkali Metals Limited
ALKEM,Alkem Laboratories Limited
ALKYLAMINE,Alkyl Amines Chemicals Limited
ALLCARGO,Allcargo Logistics Limited
ADSL,Allied Digital Services Limited
ALLSEC,Allsec Technologies Limited
ALMONDZ,Almondz Global Securities Limited
ALOKINDS,Alok Industries Limited
ALPA,Alpa Laboratories Limited
ALPHAGEO,Alphageo (India) Limited
ALPSINDUS,Alps Industries Limited
AMARAJABAT,Amara Raja Batteries Limited
AMBANIORG,Ambani Organics Limited
AMBER,Amber Enterprises India Limited
AMBIKCO,Ambika Cotton Mills Limited
AMBUJACEM,Ambuja Cements Limited
AMDIND,AMD Industries Limited
ASIL,Amit Spinning Industries Limited
AMJLAND,Amj Land Holdings Limited
AMRUTANJAN,Amrutanjan Health Care Limited
ANANTRAJ,Anant Raj Limited
ANDHRACEMT,Andhra Cements Limited
ANDHRAPAP,Andhra Paper Limited
ANGELBRKG,Angel Broking Limited
AISL,ANI Integrated Services Limited
ANIKINDS,Anik Industries Limited
APCL,Anjani Portland Cement Limited
ANKITMETAL,Ankit Metal & Power Limited
ANSALHSG,Ansal Housing Limited
ANSALAPI,Ansal Properties & Infrastructure Limited
APARINDS,Apar Industries Limited
APCOTEXIND,Apcotex Industries Limited
APEX,Apex Frozen Foods Limited
APLAPOLLO,APL Apollo Tubes Limited
APOLLOHOSP,Apollo Hospitals Enterprise Limited
APOLLO,Apollo Micro Systems Limited
APOLLOPIPE,Apollo Pipes Limited
APOLSINHOT,Apollo Sindoori Hotels Limited
APOLLOTYRE,Apollo Tyres Limited
APTECHT,Aptech Limited
ARCHIDPLY,Archidply Industries Limited
ARCHIES,Archies Limited
ARCOTECH,Arcotech Limited
ARIES,Aries Agro Limited
ARIHANT,Arihant Foundations & Housing Limited
ARIHANTSUP,Arihant Superstructures Limited
ARMANFIN,Arman Financial Services Limited
AROGRANITE,Aro Granite Industries Limited
ARROWGREEN,Arrow Greentech Limited
ARSHIYA,Arshiya Limited
ARSSINFRA,ARSS Infrastructure Projects Limited
ARTNIRMAN,Art Nirman Limited
ARTEDZ,Artedz Fabs Limited
ARTEMISMED,Artemis Medicare Services Limited
ARVEE,Arvee Laboratories (India) Limited
ARVINDFASN,Arvind Fashions Limited
ARVIND,Arvind Limited
ARVSMART,Arvind SmartSpaces Limited
ASAHIINDIA,Asahi India Glass Limited
ASAHISONG,Asahi Songwon Colors Limited
ASCOM,Ascom Leasing & Investments Limited
ASHAPURMIN,Ashapura Minechem Limited
ASHIANA,Ashiana Housing Limited
ASHIMASYN,Ashima Limited
ASHOKLEY,Ashok Leyland Limited
ASHOKA,Ashoka Buildcon Limited
ASIANTILES,Asian Granito India Limited
AHLEAST,Asian Hotels (East) Limited
ASIANHOTNR,Asian Hotels (North) Limited
AHLWEST,Asian Hotels (West) Limited
ASIANPAINT,Asian Paints Limited
ASLIND,ASL Industries Limited
ASPINWALL,Aspinwall and Company Limited
ASALCBR,Associated Alcohols & Breweries Ltd.
ASTEC,Astec LifeSciences Limited
ASTERDM,Aster DM Healthcare Limited
ASTRAMICRO,Astra Microwave Products Limited
ASTRAL,Astral Poly Technik Limited
ASTRAZEN,AstraZeneca Pharma India Limited
ASTRON,Astron Paper & Board Mill Limited
ATLANTA,Atlanta Limited
ATLASCYCLE,Atlas Cycles (Haryana) Limited
ATNINTER,ATN International Limited
ATULAUTO,Atul Auto Limited
ATUL,Atul Limited
AUBANK,AU Small Finance Bank Limited
AURDIS,Aurangabad Distillery Limited
AURIONPRO,Aurionpro Solutions Limited
AUROPHARMA,Aurobindo Pharma Limited
AUSOMENT,Ausom Enterprise Limited
AUTOIND,Autoline Industries Limited
AUTOLITIND,Autolite (India) Limited
AUTOAXLES,Automotive Axles Limited
ASAL,Automotive Stampings and Assemblies Limited
AVADHSUGAR,Avadh Sugar & Energy Limited
AVANTIFEED,Avanti Feeds Limited
AVENTUS,Aventus Buildcon Limited
DMART,Avenue Supermarts Limited
AVG,AVG Logistics Limited
AVROIND,Avro India Limited
AVSL,AVSL Industries Limited
AVTNPL,AVT Natural Products Limited
AXISBANK,Axis Bank Limited
AXISCADES,AXISCADES Engineering Technologies Limited
AYMSYNTEX,AYM Syntex Limited
BBTCL,B&B Triplewall Containers Limited
BLKASHYAP,B. L. Kashyap and Sons Limited
BAGFILMS,B.A.G Films and Media Limited
BABAFOOD,Baba Agro Food Limited
BAFNAPH,Bafna Pharmaceuticals Limited
BAJAJ-AUTO,Bajaj Auto Limited
BAJAJCON,Bajaj Consumer Care Limited
BAJAJELEC,Bajaj Electricals Limited
BAJFINANCE,Bajaj Finance Limited
BAJAJFINSV,Bajaj Finserv Limited
BAJAJHIND,Bajaj Hindusthan Sugar Limited
BAJAJHLDNG,Bajaj Holdings & Investment Limited
BALPHARMA,Bal Pharma Limited
BALAMINES,Balaji Amines Limited
BALAJITELE,Balaji Telefilms Limited
BALAXI,Balaxi Ventures Limited
BALKRISIND,Balkrishna Industries Limited
BALKRISHNA,Balkrishna Paper Mills Limited
BALLARPUR,Ballarpur Industries Limited
BALMLAWRIE,Balmer Lawrie & Company Limited
BALRAMCHIN,Balrampur Chini Mills Limited
BANARBEADS,Banaras Beads Limited
BANCOINDIA,Banco Products (I) Limited
BANDHANBNK,Bandhan Bank Limited
BANG,Bang Overseas Limited
BANKBARODA,Bank of Baroda
BANKINDIA,Bank of India
MAHABANK,Bank of Maharashtra
BANKA,Banka BioLoo Limited
BASML,Bannari Amman Spinning Mills Limited
BANARISUG,Bannari Amman Sugars Limited
BANSWRAS,Banswara Syntex Limited
BVCL,Barak Valley Cements Limited
BARTRONICS,Bartronics India Limited
BASF,BASF India Limited
BATAINDIA,Bata India Limited
BDR,BDR Buildcon Limited
BEARDSELL,Beardsell Limited
BEDMUTHA,Bedmutha Industries Limited
BEML,BEML Limited
BERGEPAINT,Berger Paints (I) Limited
BETA,Beta Drugs Limited
BFINVEST,BF Investment Limited
BFUTILITIE,BF Utilities Limited
BGRENERGY,BGR Energy Systems Limited
BHAGERIA,Bhageria Industries Limited
BHAGYANGR,Bhagyanagar India Limited
BHAGYAPROP,Bhagyanagar Properties Limited
BHALCHANDR,Bhalchandram Clothing Limited
BHANDARI,Bhandari Hosiery Exports Limited
BEPL,Bhansali Engineering Polymers Limited
BBL,Bharat Bijlee Limited
BDL,Bharat Dynamics Limited
BEL,Bharat Electronics Limited
BHARATFORG,Bharat Forge Limited
BHARATGEAR,Bharat Gears Limited
BHEL,Bharat Heavy Electricals Limited
BPCL,Bharat Petroleum Corporation Limited
BHARATRAS,Bharat Rasayan Limited
BRNL,Bharat Road Network Limited
BHARATWIRE,Bharat Wire Ropes Limited
BHARTIARTL,Bharti Airtel Limited
INFRATEL,Bharti Infratel Limited
BIL,Bhartiya International Limited
BIGBLOC,Bigbloc Construction Limited
BILENERGY,Bil Energy Systems Limited
BIOCON,Biocon Limited
BIOFILCHEM,Biofil Chemicals & Pharmaceuticals Limited
BIRLACABLE,Birla Cable Limited
BIRLACORPN,Birla Corporation Limited
BIRLATYRE,Birla Tyres Limited
BSOFT,Birlasoft Limited
BKMINDST,Bkm Industries Limited
BLBLIMITED,BLB Limited
BLISSGVS,Bliss GVS Pharma Limited
BLS,BLS International Services Limited
BLUECHIP,Blue Chip India Limited
BLUECOAST,Blue Coast Hotels Limited
BLUEDART,Blue Dart Express Limited
BLUESTARCO,Blue Star Limited
BODALCHEM,Bodal Chemicals Limited
BOHRA,Bohra Industries Limited
BBTC,Bombay Burmah Trading Corporation Limited
BOMDYEING,Bombay Dyeing & Mfg Company Limited
BRFL,Bombay Rayon Fashions Limited
BSHSL,Bombay Super Hybrid Seeds Limited
BORORENEW,Borosil Renewables Limited
BOSCHLTD,Bosch Limited
BPL,BPL Limited
BCONCEPTS,Brand Concepts Limited
BRIGADE,Brigade Enterprises Limited
BRIGHT,Bright Solar Limited
BCG,Brightcom Group Limited
BRITANNIA,Britannia Industries Limited
BROOKS,Brooks Laboratories Limited
BSE,BSE Limited
BSELINFRA,BSEL Infrastructure Realty Limited
BSL,BSL Limited
BURNPUR,Burnpur Cement Limited
BUTTERFLY,Butterfly Gandhimathi Appliances Limited
CANDC,C & C Constructions Limited
CADILAHC,Cadila Healthcare Limited
CADSYS,Cadsys (India) Limited
CALSOFT,California Software Company Limited
CTE,Cambridge Technology Enterprises Limited
CAMLINFINE,Camlin Fine Sciences Limited
CANFINHOME,Can Fin Homes Limited
CANBK,Canara Bank
CANTABIL,Cantabil Retail India Limited
CAPACITE,Capacit'e Infraprojects Limited
CAPTRUST,Capital Trust Limited
CAPLIPOINT,Caplin Point Laboratories Limited
CGCL,Capri Global Capital Limited
CARBORUNIV,Carborundum Universal Limited
CARERATING,CARE Ratings Limited
CAREERP,Career Point Limited
CASTEXTECH,Castex Technologies Limited
CASTROLIND,Castrol India Limited
CCL,CCL Products (India) Limited
CEATLTD,CEAT Limited
CELEBRITY,Celebrity Fashions Limited
CENTRALBK,Central Bank of India
CDSL,Central Depository Services (India) Limited
CENTRUM,Centrum Capital Limited
CENTUM,Centum Electronics Limited
CENTENKA,Century Enka Limited
CENTEXT,Century Extrusions Limited
CENTURYPLY,Century Plyboards (India) Limited
CENTURYTEX,Century Textiles & Industries Limited
CERA,Cera Sanitaryware Limited
CEREBRAINT,Cerebra Integrated Technologies Limited
CESC,CESC Limited
CESCVENT,CESC Ventures Limited
CGPOWER,CG Power and Industrial Solutions Limited
CHALET,Chalet Hotels Limited
CHAMBLFERT,Chambal Fertilizers & Chemicals Limited
CHEMBOND,Chembond Chemicals Ltd
CHEMCON,Chemcon Speciality Chemicals Limited
CHEMFAB,Chemfab Alkalis Limited
CHENNPETRO,Chennai Petroleum Corporation Limited
CHOLAHLDNG,Cholamandalam Financial Holdings Limited
CHOLAFIN,Cholamandalam Investment and Finance Company Limited
CHROMATIC,Chromatic India Limited
CIGNITITEC,Cigniti Technologies Limited
CNOVAPETRO,CIL Nova Petrochemicals Limited
CIMMCO,Cimmco Limited
CINELINE,Cineline India Limited
CINEVISTA,Cinevista Limited
CIPLA,Cipla Limited
CUB,City Union Bank Limited
CKPLEISURE,CKP Leisure Limited
CKPPRODUCT,CKP Products Limited
CLEDUCATE,CL Educate Limited
CLNINDIA,Clariant Chemicals (India) Limited
CMICABLES,CMI Limited
CMMIPL,CMM Infraprojects Limited
COALINDIA,Coal India Limited
COCHINSHIP,Cochin Shipyard Limited
COFORGE,Coforge Limited
COLPAL,Colgate Palmolive (India) Limited
CEBBCO,Commercial Engineers & Body Builders Co Limited
COMPINFO,Compuage Infocom Limited
COMPUSOFT,Compucom Software Limited
CAMS,Computer Age Management Services Limited
CONFIPET,Confidence Petroleum India Limited
CCCL,Consolidated Construction Consortium Limited
CONSOFINVT,Consolidated Finvest & Holdings Limited
CONCOR,Container Corporation of India Limited
CONTI,Continental Seeds and Chemicals Limited
CONTROLPR,Control Print Limited
CORALFINAC,Coral India Finance & Housing Limited
CORDSCABLE,Cords Cable Industries Limited
COROMANDEL,Coromandel International Limited
COSMOFILMS,Cosmo Films Limited
CCHHL,Country Club Hospitality & Holidays Limited
COUNCODOS,Country Condo's Limited
CKFSL,Cox & Kings Financial Service Limited
COX&KINGS,Cox & Kings Limited
CREATIVEYE,Creative Eye Limited
CREATIVE,Creative Peripherals and Distribution Limited
CREDITACC,CreditAccess Grameen Limited
CREST,Crest Ventures Limited
CRISIL,CRISIL Limited
CROMPTON,Crompton Greaves Consumer Electricals Limited
CROWN,Crown Lifters Limited
CSBBANK,CSB Bank Limited
CUBEXTUB,Cubex Tubings Limited
CUMMINSIND,Cummins India Limited
CUPID,Cupid Limited
CYBERTECH,Cybertech Systems And Software Limited
CYIENT,Cyient Limited
DBREALTY,D B Realty Limited
DPWIRES,D P Wires Limited
DPABHUSHAN,D. P. Abhushan Limited
DBCORP,D.B.Corp Limited
DABUR,Dabur India Limited
DALBHARAT,Dalmia Bharat Limited
DALMIASUG,Dalmia Bharat Sugar and Industries Limited
DAMODARIND,Damodar Industries Limited
DANGEE,Dangee Dums Limited
DATAMATICS,Datamatics Global Services Limited
DBSTOCKBRO,DB (International) Stock Brokers Limited
DCI,DC Infotech and Communication Limited
DCBBANK,DCB Bank Limited
DCM,DCM Limited
DCMFINSERV,DCM Financial Services Limited
DCMNVL,DCM Nouvelle Limited
DCMSHRIRAM,DCM Shriram Limited
DCW,DCW Limited
DENORA,De Nora India Limited
DSML,Debock Sales And Marketing Limited
DECCANCE,Deccan Cements Limited
DEEPIND,Deep Industries Limited
DEEPAKFERT,Deepak Fertilizers and Petrochemicals Corporation Limited
DEEPAKNTR,Deepak Nitrite Limited
DELTACORP,Delta Corp Limited
DELTAMAGNT,Delta Manufacturing Limited
DEN,Den Networks Limited
DEVIT,Dev Information Technology Limited
DHFL,Dewan Housing Finance Corporation Limited
DFMFOODS,DFM Foods Limited
DHAMPURSUG,Dhampur Sugar Mills Limited
DHANBANK,Dhanlaxmi Bank Limited
DHANUKA,Dhanuka Agritech Limited
DRL,Dhanuka Realty Limited
DHARSUGAR,Dharani Sugars & Chemicals Limited
DHUNINV,Dhunseri Investments Limited
DTIL,Dhunseri Tea & Industries Limited
DVL,Dhunseri Ventures Limited
DIAPOWER,Diamond Power Infra Ltd
DICIND,DIC India Limited
DGCONTENT,Digicontent Limited
DIGISPICE,DiGiSPICE Technologies Limited
DIGJAMLTD,Digjam Limited
DNAMEDIA,Diligent Media Corporation Limited
DBL,Dilip Buildcon Limited
DISHTV,Dish TV India Limited
DCAL,Dishman Carbogen Amcis Limited
DIVISLAB,Divi's Laboratories Limited
DIXON,Dixon Technologies (India) Limited
DLF,DLF Limited
DLINKINDIA,D-Link (India) Limited
DOLLAR,Dollar Industries Limited
DONEAR,Donear Industries Limited
DPSCLTD,DPSC Limited
DQE,DQ Entertainment (International) Limited
LALPATHLAB,Dr. Lal Path Labs Ltd.
DRREDDY,Dr. Reddy's Laboratories Limited
DREDGECORP,Dredging Corporation of India Limited
DRSDILIP,DRS Dilip Roadlines Limited
DUCON,Ducon Infratechnologies Limited
DWARKESH,Dwarikesh Sugar Industries Limited
DSSL,Dynacons Systems & Solutions Limited
DYNAMATECH,Dynamatic Technologies Limited
DYNPRO,Dynemic Products Limited
E2E,E2E Networks Limited
EASTSILK,Eastern Silk Industries Limited
EASUNREYRL,Easun Reyrolle Limited
EBIXFOREX,EbixCash World Money Limited
ECLERX,eClerx Services Limited
EDELWEISS,Edelweiss Financial Services Limited
EDUCOMP,Educomp Solutions Limited
EICHERMOT,Eicher Motors Limited
EIDPARRY,EID Parry India Limited
EIHAHOTELS,EIH Associated Hotels Limited
EIHOTEL,EIH Limited
EIMCOELECO,Eimco Elecon (India) Limited
ELECON,Elecon Engineering Company Limited
ELECTCAST,Electrosteel Castings Limited
ELECTHERM,Electrotherm (India) Limited
ELGIEQUIP,Elgi Equipments Limited
ELGIRUBCO,Elgi Rubber Company Limited
EMAMILTD,Emami Limited
EMAMIPAP,Emami Paper Mills Limited
EMAMIREAL,Emami Realty Limited
EMCO,Emco Limited
EMKAY,Emkay Global Financial Services Limited
EMKAYTOOLS,Emkay Taps and Cutting Tools Limited
EMIL,Electronics Mart India Limited
EMMBI,Emmbi Industries Limited
EDL,Empee Distilleries Limited
ENDURANCE,Endurance Technologies Limited
ENERGYDEV,Energy Development Company Limited
ENGINERSIN,Engineers India Limited
ENIL,Entertainment Network (India) Limited
EON,Eon Electric Limited
EQUITAS,Equitas Holdings Limited
EQUITASBNK,Equitas Small Finance Bank Limited
ERIS,Eris Lifesciences Limited
EROSMEDIA,Eros International Media Limited
ESABINDIA,Esab India Limited
ESCORTS,Escorts Limited
ESSARSHPNG,Essar Shipping Limited
ESSELPACK,Essel Propack Limited
ESTER,Ester Industries Limited
EUROCERA,Euro Ceramics Limited
EIFFL,Euro India Fresh Foods Limited
EUROMULTI,Euro Multivision Limited
EUROTEXIND,Eurotex Industries and Exports Limited
EVEREADY,Eveready Industries India Limited
EVERESTIND,Everest Industries Limited
EKC,Everest Kanto Cylinder Limited
EXCELINDUS,Excel Industries Limited
EXCEL,Excel Realty N Infra Limited
EXIDEIND,Exide Industries Limited
EXPLEOSOL,Expleo Solutions Limited
FAIRCHEM,Fairchem Speciality Limited
FCSSOFT,FCS Software Solutions Limited
FDC,FDC Limited
FMGOETZE,Federal-Mogul Goetze (India) Limited
FELIX,Felix Industries Limited
FACT,Fertilizers and Chemicals Travancore Limited
FIEMIND,Fiem Industries Limited
FILATEX,Filatex India Limited
FINEORG,Fine Organic Industries Limited
FCL,Fineotex Chemical Limited
FINCABLES,Finolex Cables Limited
FINPIPE,Finolex Industries Limited
FSL,Firstsource Solutions Limited
FLEXITUFF,Flexituff Ventures International Limited
FOCUS,Focus Lighting and Fixtures Limited
FORTIS,Fortis Healthcare Limited
FOSECOIND,Foseco India Limited
FOURTHDIM,Fourth Dimension Solutions Limited
FCONSUMER,Future Consumer Limited
FEL,Future Enterprises Limited
FLFL,Future Lifestyle Fashions Limited
FMNL,Future Market Networks Limited
FRETAIL,Future Retail Limited
FSC,Future Supply Chain Solutions Limited
GABRIEL,Gabriel India Limited
GAIL,GAIL (India) Limited
GALAXYSURF,Galaxy Surfactants Limited
GALLISPAT,Gallantt Ispat Limited
GALLANTT,Gallantt Metal Limited
GAMMNINFRA,Gammon Infrastructure Projects Limited
GANDHITUBE,Gandhi Special Tubes Limited
GANESHHOUC,Ganesh Housing Corporation Limited
GANECOS,Ganesha Ecosphere Limited
GANGAFORGE,Ganga Forging Limited
GANGESSECU,Ganges Securities Limited
GRSE,Garden Reach Shipbuilders & Engineers Limited
GARDENSILK,Garden Silk Mills Limited
GARFIBRES,Garware Technical Fibres Limited
GDL,Gateway Distriparks Limited
GATI,GATI Limited
GAYAHWS,Gayatri Highways Limited
GAYAPROJ,Gayatri Projects Limited
GBGLOBAL,GB Global Limited
GEPIL,GE Power India Limited
GET&D,GE T&D India Limited
GEECEE,GeeCee Ventures Limited
GEEKAYWIRE,Geekay Wires Limited
GICRE,General Insurance Corporation of India
GENESYS,Genesys International Corporation Limited
GENUSPAPER,Genus Paper & Boards Limited
GENUSPOWER,Genus Power Infrastructures Limited
GEOJITFSL,Geojit Financial Services Limited
GFLLIMITED,GFL Limited
GHCL,GHCL Limited
GISOLUTION,GI Engineering Solutions Limited
GICHSGFIN,GIC Housing Finance Limited
GILLANDERS,Gillanders Arbuthnot & Company Limited
GILLETTE,Gillette India Limited
GINNIFILA,Ginni Filaments Limited
GIRRESORTS,GIR Natureview Resorts Limited
GKWLIMITED,GKW Limited
GLAND,Gland Pharma Limited
GSKCONS,GlaxoSmithKline Consumer Healthcare Limited
GLAXO,GlaxoSmithKline Pharmaceuticals Limited
GLENMARK,Glenmark Pharmaceuticals Limited
GLOBAL,Global Education Limited
GLOBOFFS,Global Offshore Services Limited
GLOBALVECT,Global Vectra Helicorp Limited
GICL,Globe International Carriers Limited
GLOBE,Globe Textiles (India) Limited
GLOBUSSPR,Globus Spirits Limited
GMBREW,GM Breweries Limited
GMMPFAUDLR,GMM Pfaudler Limited
GMRINFRA,GMR Infrastructure Limited
GNA,GNA Axles Limited
GOACARBON,Goa Carbon Limited
GOCLCORP,GOCL Corporation Limited
GPIL,Godawari Power And Ispat limited
GODFRYPHLP,Godfrey Phillips India Limited
GODHA,Godha Cabcon & Insulation Limited
GODREJAGRO,Godrej Agrovet Limited
GODREJCP,Godrej Consumer Products Limited
GODREJIND,Godrej Industries Limited
GODREJPROP,Godrej Properties Limited
GOENKA,Goenka Diamond and Jewels Limited
GOKEX,Gokaldas Exports Limited
GOKULAGRO,Gokul Agro Resources Limited
GOKUL,Gokul Refoils and Solvent Limited
GOLDENTOBC,Golden Tobacco Limited
GOLDIAM,Goldiam International Limited
GOLDSTAR,Goldstar Power Limited
GOLDTECH,Goldstone Technologies Limited
GOODLUCK,Goodluck India Limited
GULFPETRO,GP Petroleums Limited
GPTINFRA,GPT Infraprojects Limited
GFSTEELS,Grand Foundry Limited
GRANULES,Granules India Limited
GRAPHITE,Graphite India Limited
GRASIM,Grasim Industries Limited
GRAVITA,Gravita India Limited
GREAVESCOT,Greaves Cotton Limited
GREENLAM,Greenlam Industries Limited
GREENPANEL,Greenpanel Industries Limited
GREENPLY,Greenply Industries Limited
GRETEX,Gretex Industries Limited
GRINDWELL,Grindwell Norton Limited
GRPLTD,GRP Limited
GSS,GSS Infotech Limited
GTLINFRA,GTL Infrastructure Limited
GTL,GTL Limited
GTNIND,GTN Industries Limited
GTNTEX,GTN Textiles Limited
GTPL,GTPL Hathway Limited
GUFICBIO,Gufic Biosciences Limited
GUJALKALI,Gujarat Alkalies and Chemicals Limited
GAEL,Gujarat Ambuja Exports Limited
GUJAPOLLO,Gujarat Apollo Industries Limited
FLUOROCHEM,Gujarat Fluorochemicals Limited
GUJGASLTD,Gujarat Gas Limited
GIPCL,Gujarat Industries Power Company Limited
GLFL,Gujarat Lease Financing Limited
GMDCLTD,Gujarat Mineral Development Corporation Limited
GNFC,Gujarat Narmada Valley Fertilizers and Chemicals Limited
GPPL,Gujarat Pipavav Port Limited
GUJRAFFIA,Gujarat Raffia Industries Limited
GSCLCEMENT,Gujarat Sidhee Cement Limited
GSFC,Gujarat State Fertilizers & Chemicals Limited
GSPL,Gujarat State Petronet Limited
GULFOILLUB,Gulf Oil Lubricants India Limited
GULPOLY,Gulshan Polyols Limited
GVKPIL,GVK Power & Infrastructure Limited
GAL,Gyscoal Alloys Limited
HGINFRA,H.G. Infra Engineering Limited
HAPPSTMNDS,Happiest Minds Technologies Limited
HARITASEAT,Harita Seating Systems Limited
HARRMALAYA,Harrisons Malayalam Limited
HATHWAY,Hathway Cable & Datacom Limited
HATSUN,Hatsun Agro Product Limited
HAVELLS,Havells India Limited
HBSL,HB Stockholdings Limited
HBLPOWER,HBL Power Systems Limited
HCL-INSYS,HCL Infosystems Limited
HCLTECH,HCL Technologies Limited
HDFCAMC,HDFC Asset Management Company Limited
HDFCBANK,HDFC Bank Limited
HDFCLIFE,HDFC Life Insurance Company Limited
HCG,Healthcare Global Enterprises Limited
HECPROJECT,HEC Infra Projects Limited
HEG,HEG Limited
HEIDELBERG,HeidelbergCement India Limited
HERCULES,Hercules Hoists Limited
HERITGFOOD,Heritage Foods Limited
HEROMOTOCO,Hero MotoCorp Limited
HESTERBIO,Hester Biosciences Limited
HEXATRADEX,Hexa Tradex Limited
HEXAWARE,Hexaware Technologies Limited
HFCL,HFCL Limited
HIKAL,Hikal Limited
HIL,HIL Limited
HILTON,Hilton Metal Forging Limited
HSCL,Himadri Speciality Chemical Limited
HIMATSEIDE,Himatsingka Seide Limited
HIRECT,Hind Rectifiers Limited
HINDALCO,Hindalco Industries Limited
HINDCON,Hindcon Chemicals Limited
HPIL,Hindprakash Industries Limited
HGS,Hinduja Global Solutions Limited
HAL,Hindustan Aeronautics Limited
HINDCOMPOS,Hindustan Composites Limited
HCC,Hindustan Construction Company Limited
HINDCOPPER,Hindustan Copper Limited
HMVL,Hindustan Media Ventures Limited
HINDMOTORS,Hindustan Motors Limited
HINDOILEXP,Hindustan Oil Exploration Company Limited
HINDPETRO,Hindustan Petroleum Corporation Limited
HINDUNILVR,Hindustan Unilever Limited
HINDZINC,Hindustan Zinc Limited
HINDNATGLS,Hindustan National Glass & Industries Limited
HISARMETAL,Hisar Metal Industries Limited
HITECHCORP,Hitech Corporation Limited
HITECH,Hi-Tech Pipes Limited
HLVLTD,HLV Limited
HMT,HMT Limited
HONDAPOWER,Honda Siel Power Products Limited
HONAUT,Honeywell Automation India Limited
HOTELRUGBY,Hotel Rugby Limited
HUDCO,Housing & Urban Development Corporation Limited
HDIL,Housing Development and Infrastructure Limited
HDFC,Housing Development Finance Corporation Limited
HOVS,HOV Services Limited
HPL,HPL Electric & Power Limited
HSIL,HSIL Limited
HTMEDIA,HT Media Limited
HUBTOWN,Hubtown Limited
PAPERPROD,Huhtamaki PPL Limited
HUSYSLTD,Husys Consulting Limited
ICEMAKE,Ice Make Refrigeration Limited
ICICIBANK,ICICI Bank Limited
ICICIGI,ICICI Lombard General Insurance Company Limited
ICICIPRULI,ICICI Prudential Life Insurance Company Limited
ISEC,ICICI Securities Limited
ICRA,ICRA Limited
IDBI,IDBI Bank Limited
IDFCFIRSTB,IDFC First Bank Limited
IDFC,IDFC Limited
IFBAGRO,IFB Agro Industries Limited
IFBIND,IFB Industries Limited
IFCI,IFCI Limited
IFGLEXPOR,IFGL Refractories Limited
IGPL,IG Petrochemicals Limited
IGARASHI,Igarashi Motors India Limited
IIFL,IIFL Finance Limited
IIFLSEC,IIFL Securities Limited
IIFLWAM,IIFL Wealth Management Limited
IL&FSENGG,IL&FS Engineering and Construction Company Limited
IVC,IL&FS Investment Managers Limited
IL&FSTRANS,IL&FS Transportation Networks Limited
INDLMETER,IMP Powers Limited
IMPEXFERRO,Impex Ferro Tech Limited
INDBANK,Indbank Merchant Banking Services Limited
INDIAGLYCO,India Glycols Limited
IMPAL,India Motor Parts and Accessories Limited
INDNIPPON,India Nippon Electricals Limited
ITDC,India Tourism Development Corporation Limited
IBULHSGFIN,Indiabulls Housing Finance Limited
IBULISL,Indiabulls Integrated Services Limited
IBREALEST,Indiabulls Real Estate Limited
IBVENTURES,Indiabulls Ventures Limited
INDIAMART,Indiamart Intermesh Limited
INDIANB,Indian Bank
INDIANCARD,Indian Card Clothing Company Limited
IEX,Indian Energy Exchange Limited
INDIANHUME,Indian Hume Pipe Company Limited
IMFA,Indian Metals & Ferro Alloys Limited
IOC,Indian Oil Corporation Limited
IOB,Indian Overseas Bank
IRCTC,Indian Railway Catering and Tourism Corporation Limited
INDTERRAIN,Indian Terrain Fashions Limited
ICIL,Indo Count Industries Limited
INDORAMA,Indo Rama Synthetics (India) Limited
INDOTECH,Indo Tech Transformers Limited
INDOTHAI,Indo Thai Securities Limited
INDOCO,Indoco Remedies Limited
NIPPOBATRY,Indo-National Limited
INDOSOLAR,Indosolar Limited
INDOSTAR,IndoStar Capital Finance Limited
INDOWIND,Indowind Energy Limited
IGL,Indraprastha Gas Limited
INDRAMEDCO,Indraprastha Medical Corporation Limited
INDSWFTLAB,Ind-Swift Laboratories Limited
INDSWFTLTD,Ind-Swift Limited
INDUSINDBK,IndusInd Bank Limited
IITL,Industrial Investment Trust Limited
INEOSSTYRO,INEOS Styrolution India Limited
INFIBEAM,Infibeam Avenues Limited
NAUKRI,Info Edge (India) Limited
INFOBEAN,InfoBeans Technologies Limited
INFOMEDIA,Infomedia Press Limited
INFY,Infosys Limited
INGERRAND,Ingersoll Rand (India) Limited
INNOVANA,Innovana Thinklabs Limited
INNOVATIVE,Innovative Tyres and Tubes Limited
INOXLEISUR,INOX Leisure Limited
INOXWIND,Inox Wind Limited
INSECTICID,Insecticides (India) Limited
INSPIRISYS,Inspirisys Solutions Limited
INTEGRA,Integra Garments and Textiles Limited
INTELLECT,Intellect Design Arena Limited
INTENTECH,Intense Technologies Limited
INDIGO,InterGlobe Aviation Limited
SUBCAPCITY,International Constructions Limited
ISFT,Intrasoft Technologies Limited
INVENTURE,Inventure Growth & Securities Limited
IOLCP,IOL Chemicals and Pharmaceuticals Limited
IPCALAB,IPCA Laboratories Limited
IRB,IRB Infrastructure Developers Limited
IRCON,Ircon International Limited
IRISDOREME,Iris Clothings Limited
ISMTLTD,ISMT Limited
ITC,ITC Limited
ITDCEM,ITD Cementation India Limited
ITI,ITI Limited
IVP,IVP Limited
IZMO,IZMO Limited
JKIL,J.Kumar Infraprojects Limited
JAGRAN,Jagran Prakashan Limited
JAGSNPHARM,Jagsonpal Pharmaceuticals Limited
JAIBALAJI,Jai Balaji Industries Limited
JAICORPLTD,Jai Corp Limited
JAIHINDPRO,Jaihind Projects Limited
JISLJALEQS,Jain Irrigation Systems Limited
JAINSTUDIO,Jain Studios Limited
JPASSOCIAT,Jaiprakash Associates Limited
JPPOWER,Jaiprakash Power Ventures Limited
JAKHARIA,Jakharia Fabric Limited
JALAN,Jalan Transolutions (India) Limited
JAMNAAUTO,Jamna Auto Industries Limited
JASH,Jash Engineering Limited
JAYBARMARU,Jay Bharat Maruti Limited
JAYAGROGN,Jayant Agro Organics Limited
JAYNECOIND,Jayaswal Neco Industries Limited
JPINFRATEC,Jaypee Infratech Limited
JAYSREETEA,Jayshree Tea & Industries Limited
JBCHEPHARM,JB Chemicals & Pharmaceuticals Limited
JBFIND,JBF Industries Limited
JBMA,JBM Auto Limited
JETAIRWAYS,Jet Airways (India) Limited
JETFREIGHT,Jet Freight Logistics Limited
JETKNIT,Jet Knitwears Limited
JHS,JHS Svendgaard Laboratories Limited
JIKIND,JIK Industries Limited
JINDRILL,Jindal Drilling And Industries Limited
JINDALPHOT,Jindal Photo Limited
JINDALPOLY,Jindal Poly Films Limited
JPOLYINVST,Jindal Poly Investment and Finance Company Limited
JINDALSAW,Jindal Saw Limited
JSLHISAR,Jindal Stainless (Hisar) Limited
JSL,Jindal Stainless Limited
JINDALSTEL,Jindal Steel & Power Limited
JINDWORLD,Jindal Worldwide Limited
JITFINFRA,JITF Infralogistics Limited
JKCEMENT,JK Cement Limited
JKLAKSHMI,JK Lakshmi Cement Limited
JKPAPER,JK Paper Limited
JKTYRE,JK Tyre & Industries Limited
JMFINANCIL,JM Financial Limited
JMCPROJECT,JMC Projects (India) Limited
JMTAUTOLTD,JMT Auto Limited
JOCIL,Jocil Limited
JCHAC,Johnson Controls – Hitachi Air Conditioning India Limited
JSWENERGY,JSW Energy Limited
JSWHL,JSW Holdings Limited
JSWSTEEL,JSW Steel Limited
JTEKTINDIA,Jtekt India Limited
JUBLFOOD,Jubilant Foodworks Limited
JUBLINDS,Jubilant Industries Limited
JUBILANT,Jubilant Life Sciences Limited
JMA,Jullundur Motor Agency (Delhi) Limited
JUSTDIAL,Just Dial Limited
JVLAGRO,JVL Agro Industries Limited
JYOTHYLAB,Jyothy Labs Limited
JYOTISTRUC,Jyoti Structures Limited
KMSUGAR,K.M.Sugar Mills Limited
KPRMILL,K.P.R. Mill Limited
KABRAEXTRU,Kabra Extrusion Technik Limited
KAJARIACER,Kajaria Ceramics Limited
KAKATCEM,Kakatiya Cement Sugar & Industries Limited
KALPATPOWR,Kalpataru Power Transmission Limited
KALYANI,Kalyani Commercials Limited
KALYANIFRG,Kalyani Forge Limited
KICL,Kalyani Investment Company Limited
KSL,Kalyani Steels Limited
KAMATHOTEL,Kamat Hotels (I) Limited
KAMDHENU,Kamdhenu Limited
KANANIIND,Kanani Industries Limited
KANORICHEM,Kanoria Chemicals & Industries Limited
KANSAINER,Kansai Nerolac Paints Limited
KAPSTON,Kapston Facilities Management Limited
KARDA,Karda Constructions Limited
KARMAENG,Karma Energy Limited
KARURVYSYA,Karur Vysya Bank Limited
KGL,Karuturi Global Limited
KAUSHALYA,Kaushalya Infrastructure Development Corporation Limited
KSCL,Kaveri Seed Company Limited
KAYA,Kaya Limited
KCP,KCP Limited
KCPSUGIND,KCP Sugar and Industries Corporation Limited
KDDL,KDDL Limited
KEC,KEC International Limited
KEERTI,Keerti Knowledge and Skills Limited
KEI,KEI Industries Limited
KELLTONTEC,Kellton Tech Solutions Limited
KERNEX,Kernex Microsystems (India) Limited
KESORAMIND,Kesoram Industries Limited
KKCL,Kewal Kiran Clothing Limited
KEYFINSERV,Keynote Financial Services Limited
KHADIM,Khadim India Limited
KHANDSE,Khandwala Securities Limited
KHFM,Khfm Hospitality And Facility Management Services Limited
KILITCH,Kilitch Drugs (India) Limited
KINGFA,Kingfa Science & Technology (India) Limited
KIOCL,KIOCL Limited
KIRIINDUS,Kiri Industries Limited
KIRLOSBROS,Kirloskar Brothers Limited
KECL,Kirloskar Electric Company Limited
KIRLOSIND,Kirloskar Industries Limited
KIRLOSENG,Kirloskar Oil Engines Limited
KITEX,Kitex Garments Limited
KKVAPOW,KKV Agro Powers Limited
KNRCON,KNR Constructions Limited
KOHINOOR,Kohinoor Foods Limited
KOKUYOCMLN,Kokuyo Camlin Limited
KOLTEPATIL,Kolte – Patil Developers Limited
KOPRAN,Kopran Limited
KOTAKBANK,Kotak Mahindra Bank Limited
KOTHARIPET,Kothari Petrochemicals Limited
KOTHARIPRO,Kothari Products Limited
KOTARISUG,Kothari Sugars And Chemicals Limited
KPITTECH,KPIT Technologies Limited
KRBL,KRBL Limited
KREBSBIO,Krebs Biochemicals and Industries Limited
KRIDHANINF,Kridhan Infra Limited
KRISHANA,Krishana Phoschem Limited
KRITIKA,Kritika Wires Limited
KSB,Ksb Limited
KSHITIJPOL,Kshitij Polyline Limited
KSK,KSK Energy Ventures Limited
KSERASERA,KSS Limited
KUANTUM,Kuantum Papers Limited
KWALITY,Kwality Limited
,
,Company name
L&TFH,L&T Finance Holdings Limited
LTTS,L&T Technology Services Limited
LAOPALA,La Opala RG Limited
LAGNAM,Lagnam Spintex Limited
LFIC,Lakshmi Finance & Industrial Corporation Limited
LAXMIMACH,Lakshmi Machine Works Limited
LAKPRE,Lakshmi Precision Screws Limited
LAKSHVILAS,Lakshmi Vilas Bank Limited
LAMBODHARA,Lambodhara Textiles Limited
LPDC,Landmark Property Development Company Limited
LTI,Larsen & Toubro Infotech Limited
LT,Larsen & Toubro Limited
LASA,Lasa Supergenerics Limited
LATTEYS,Latteys Industries Limited
LAURUSLABS,Laurus Labs Limited
LAXMICOT,Laxmi Cotspin Limited
LEMONTREE,Lemon Tree Hotels Limited
LEXUS,Lexus Granito (India) Limited
LGBBROSLTD,LG Balakrishnan & Bros Limited
LGBFORGE,LGB Forge Limited
LIBAS,Libas Designs Limited
LIBERTSHOE,Liberty Shoes Limited
LICHSGFIN,LIC Housing Finance Limited
LIKHITHA,Likhitha Infrastructure Limited
LINCPEN,Linc Pen & Plastics Limited
LINCOLN,Lincoln Pharmaceuticals Limited
LINDEINDIA,Linde India Limited
LSIL,Lloyds Steels Industries Limited
LOKESHMACH,Lokesh Machines Limited
LOTUSEYE,Lotus Eye Hospital and Institute Limited
LOVABLE,Lovable Lingerie Limited
DAAWAT,LT Foods Limited
LUMAXTECH,Lumax Auto Technologies Limited
LUMAXIND,Lumax Industries Limited
LUPIN,Lupin Limited
LUXIND,Lux Industries Limited
LYKALABS,Lyka Labs Limited
LYPSAGEMS,Lypsa Gems & Jewellery Limited
MKPL,M K Proteins Limited
MRO,M.R. Organisation Limited
MAANALU,Maan Aluminium Limited
MACPOWER,Macpower CNC Machines Limited
MCL,Madhav Copper Limited
MADHAV,Madhav Marbles and Granites Limited
MADHUCON,Madhucon Projects Limited
MBAPL,Madhya Bharat Agro Products Limited
MPTODAY,Madhya Pradesh Today Media Limited
MADRASFERT,Madras Fertilizers Limited
MAGADSUGAR,Magadh Sugar & Energy Limited
MAGMA,Magma Fincorp Limited
MAGNUM,Magnum Ventures Limited
MAHAPEXLTD,Maha Rashtra Apex Corporation Limited
MAHASTEEL,Mahamaya Steel Industries Limited
MGL,Mahanagar Gas Limited
MTNL,Mahanagar Telephone Nigam Limited
MAHSCOOTER,Maharashtra Scooters Limited
MAHSEAMLES,Maharashtra Seamless Limited
MAHESHWARI,Maheshwari Logistics Limited
MAHICKRA,Mahickra Chemicals Limited
M&MFIN,Mahindra & Mahindra Financial Services Limited
M&M,Mahindra & Mahindra Limited
MAHINDCIE,Mahindra CIE Automotive Limited
MAHEPC,Mahindra EPC Irrigation Limited
MHRIL,Mahindra Holidays & Resorts India Limited
MAHLIFE,Mahindra Lifespace Developers Limited
MAHLOG,Mahindra Logistics Limited
MAITHANALL,Maithan Alloys Limited
MAJESCO,Majesco Limited
MALUPAPER,Malu Paper Mills Limited
MANINDS,Man Industries (India) Limited
MANINFRA,Man Infraconstruction Limited
MANAKALUCO,Manaksia Aluminium Company Limited
MANAKCOAT,Manaksia Coated Metals & Industries Limited
MANAKSIA,Manaksia Limited
MANAKSTEEL,Manaksia Steels Limited
MANALIPETC,Manali Petrochemicals Limited
MANAPPURAM,Manappuram Finance Limited
MANAV,Manav Infra Projects Limited
MANGLMCEM,Mangalam Cement Limited
MANGALAM,Mangalam Drugs And Organics Limited
MGEL,Mangalam Global Enterprise Limited
MANGTIMBER,Mangalam Timber Products Limited
MANGCHEFER,Mangalore Chemicals & Fertilizers Limited
MRPL,Mangalore Refinery and Petrochemicals Limited
MANUGRAPH,Manugraph India Limited
MARALOVER,Maral Overseas Limited
MARATHON,Marathon Nextgen Realty Limited
MARICO,Marico Limited
MARINE,Marine Electricals (India) Limited
MARKSANS,Marksans Pharma Limited
MARSHALL,Marshall Machines Limited
MARUTI,Maruti Suzuki India Limited
MDL,Marvel Decor Limited
MASFIN,MAS Financial Services Limited
MASKINVEST,Mask Investments Limited
MASTEK,Mastek Limited
MATRIMONY,Matrimony.com Limited
MAWANASUG,Mawana Sugars Limited
MFSL,Max Financial Services Limited
MAXHEALTH,Max Healthcare Institute Limited
MAXINDIA,Max India Limited
MAXVIL,Max Ventures and Industries Limited
MAYURUNIQ,Mayur Uniquoters Ltd
MAZDOCK,Mazagon Dock Shipbuilders Limited
MAZDA,Mazda Limited
MBLINFRA,MBL Infrastructures Limited
MCDHOLDING,McDowell Holdings Limited
MCLEODRUSS,Mcleod Russel India Limited
MBECL,Mcnally Bharat Engineering Company Limited
MEGASOFT,Megasoft Limited
MEGH,Meghmani Organics Limited
MELSTAR,Melstar Information Technologies Limited
MENONBE,Menon Bearings Limited
MEP,MEP Infrastructure Developers Limited
MERCATOR,Mercator Limited
METALFORGE,Metalyst Forgings Limited
METKORE,Metkore Alloys & Industries Limited
METROPOLIS,Metropolis Healthcare Limited
MIC,MIC Electronics Limited
MMNL,MIG Media Neurons Limited
MILTON,Milton Industries Limited
MINDACORP,Minda Corporation Limited
MINDAIND,Minda Industries Limited
MINDPOOL,Mindpool Technologies Limited
MINDTECK,Mindteck (India) Limited
MINDTREE,MindTree Limited
MIRCELECTR,MIRC Electronics Limited
MIRZAINT,Mirza International Limited
MIDHANI,Mishra Dhatu Nigam Limited
MITCON,MITCON Consultancy & Engineering Services Limited
MITTAL,Mittal Life Style Limited
MMFL,MM Forgings Limited
MMP,MMP Industries Limited
MMTC,MMTC Limited
MODIRUBBER,Modi Rubber Limited
MHHL,Mohini Health & Hygiene Limited
MOHITIND,Mohit Industries Limited
MOHOTAIND,Mohota Industries Limited
MOIL,MOIL Limited
MOKSH,Moksh Ornaments Limited
MOLDTKPAC,Mold-Tek Packaging Limited
MOLDTECH,Mold-Tek Technologies Limited
AIONJSW,Monnet Ispat & Energy Limited
MONTECARLO,Monte Carlo Fashions Limited
MORARJEE,Morarjee Textiles Limited
MOREPENLAB,Morepen Laboratories Limited
MOTHERSUMI,Motherson Sumi Systems Limited
MOTILALOFS,Motilal Oswal Financial Services Limited
MPHASIS,MphasiS Limited
MPSLTD,MPS Limited
MRF,MRF Limited
MRO-TEK,MRO-TEK Realty Limited
MSPL,MSP Steel & Power Limited
MSTCLTD,MSTC Limited
MTEDUCARE,MT Educare Limited
MUKANDENGG,Mukand Engineers Limited
MUKANDLTD,Mukand Limited
MUKTAARTS,Mukta Arts Limited
MUNJALAU,Munjal Auto Industries Limited
MUNJALSHOW,Munjal Showa Limited
MURUDCERA,Murudeshwar Ceramics Limited
RADIOCITY,Music Broadcast Limited
MUTHOOTCAP,Muthoot Capital Services Limited
MUTHOOTFIN,Muthoot Finance Limited
,
,Company name
NRAIL,N R Agarwal Industries Limited
NBIFIN,N. B. I. Industrial Finance Company Limited
NACLIND,NACL Industries Limited
NDGL,Naga Dhunseri Group Limited
NAGAFERT,Nagarjuna Fertilizers and Chemicals Limited
NAGREEKCAP,Nagreeka Capital & Infrastructure Limited
NAGREEKEXP,Nagreeka Exports Limited
NAHARCAP,Nahar Capital and Financial Services Limited
NAHARINDUS,Nahar Industrial Enterprises Limited
NAHARPOLY,Nahar Poly Films Limited
NAHARSPING,Nahar Spinning Mills Limited
NSIL,Nalwa Sons Investments Limited
NDL,Nandan Denim Limited
NANDANI,Nandani Creation Limited
NH,Narayana Hrudayalaya Ltd.
NARMADA,Narmada Agrobase Limited
NATCOPHARM,Natco Pharma Limited
NATHBIOGEN,Nath Bio-Genes (India) Limited
NATIONALUM,National Aluminium Company Limited
NFL,National Fertilizers Limited
NATNLSTEEL,National Steel And Agro Industries Limited
NBVENTURES,Nava Bharat Ventures Limited
NAVINFLUOR,Navin Fluorine International Limited
NAVKARCORP,Navkar Corporation Limited
NAVNETEDUL,Navneet Education Limited
NBCC,NBCC (India) Limited
NCC,NCC Limited
NCLIND,NCL Industries Limited
NECLIFE,Nectar Lifesciences Limited
NELCAST,Nelcast Limited
NELCO,NELCO Limited
NEOGEN,Neogen Chemicals Limited
NESCO,Nesco Limited
NETWORK18,Network18 Media & Investments Limited
NTL,Neueon Towers Limited
NEULANDLAB,Neuland Laboratories Limited
NDTV,New Delhi Television Limited
NEWGEN,Newgen Software Technologies Limited
NEXTMEDIA,Next Mediaworks Limited
NHPC,NHPC Limited
NIITLTD,NIIT Limited
NILAINFRA,Nila Infrastructures Limited
NILASPACES,Nila Spaces Limited
NILKAMAL,Nilkamal Limited
NAM-INDIA,Nippon Life India Asset Management Limited
NIRAJISPAT,Niraj Ispat Industries Limited
NITCO,Nitco Limited
NITINFIRE,Nitin Fire Protection Industries Limited
NITINSPIN,Nitin Spinners Limited
NITIRAJ,Nitiraj Engineers Limited
NKIND,NK Industries Limited
NLCINDIA,NLC India Limited
NMDC,NMDC Limited
NOCIL,NOCIL Limited
NOIDATOLL,Noida Toll Bridge Company Limited
NORBTEAEXP,Norben Tea & Exports Limited
NECCLTD,North Eastern Carrying Corporation Limited
NRBBEARING,NRB Bearing Limited
NIBL,NRB Industrial Bearings Limited
NTPC,NTPC Limited
NUCLEUS,Nucleus Software Exports Limited
NXTDIGITAL,NXTDigital Limited
OBEROIRLTY,Oberoi Realty Limited
OISL,OCL Iron and Steel Limited
ONGC,Oil & Natural Gas Corporation Limited
OILCOUNTUB,Oil Country Tubular Limited
OIL,Oil India Limited
OLECTRA,Olectra Greentech Limited
OMMETALS,OM Metals Infraprojects Limited
OMAXAUTO,Omax Autos Limited
OMAXE,Omaxe Limited
OMFURN,Omfurn India Limited
OMKARCHEM,Omkar Speciality Chemicals Limited
ONEPOINT,One Point One Solutions Limited
ONELIFECAP,Onelife Capital Advisors Limited
ONMOBILE,OnMobile Global Limited
ONWARDTEC,Onward Technologies Limited
OPAL,Opal Luxury Time Products Limited
OPTIEMUS,Optiemus Infracom Limited
OPTOCIRCUI,Opto Circuits (India) Limited
OFSS,Oracle Financial Services Software Limited
ORBTEXP,Orbit Exports Limited
ORCHIDPHAR,Orchid Pharma Limited
ORICONENT,Oricon Enterprises Limited
ORIENTABRA,Orient Abrasives Limited
ORIENTBELL,Orient Bell Limited
ORIENTCEM,Orient Cement Limited
ORIENTELEC,Orient Electric Limited
GREENPOWER,Orient Green Power Company Limited
ORIENTPPR,Orient Paper & Industries Limited
ORIENTLTD,Orient Press Limited
ORIENTREF,Orient Refractories Limited
OAL,Oriental Aromatics Limited
OCCL,Oriental Carbon & Chemicals Limited
ORIENTHOT,Oriental Hotels Limited
ORIENTALTL,Oriental Trimex Limited
ORTEL,Ortel Communications Limited
ORTINLABSS,Ortin Laboratories Limited
OSIAHYPER,Osia Hyper Retail Limited
OSWALAGRO,Oswal Agro Mills Limited
BINDALAGRO,Oswal Chemicals & Fertilizers Limited
PAEL,PAE Limited
PAGEIND,Page Industries Limited
PAISALO,Paisalo Digital Limited
PALASHSECU,Palash Securities Limited
PALREDTEC,Palred Technologies Limited
PANACEABIO,Panacea Biotec Limited
PANACHE,Panache Digilife Limited
PANAMAPET,Panama Petrochem Limited
PANSARI,Pansari Developers Limited
PAR,Par Drugs and Chemicals Limited
PARABDRUGS,Parabolic Drugs Limited
PARAGMILK,Parag Milk Foods Limited
PARACABLES,Paramount Communications Limited
PARIN,Parin Furniture Limited
PARSVNATH,Parsvnath Developers Limited
PASHUPATI,Pashupati Cotspin Limited
PATELENG,Patel Engineering Limited
PATINTLOG,Patel Integrated Logistics Limited
PATSPINLTD,Patspin India Limited
PCJEWELLER,PC Jeweller Limited
PDSMFL,PDS Multinational Fashions Limited
PGIL,Pearl Global Industries Limited
PEARLPOLY,Pearl Polymers Limited
PENINLAND,Peninsula Land Limited
PENIND,Pennar Industries Limited
PENTAGOLD,Penta Gold Limited
PERFECT,Perfect Infraengineers Limited
PERSISTENT,Persistent Systems Limited
PETRONET,Petronet LNG Limited
PFIZER,Pfizer Limited
PGEL,PG Electroplast Limited
PHILIPCARB,Phillips Carbon Black Limited
PIIND,PI Industries Limited
PIDILITIND,Pidilite Industries Limited
PILITA,Pil Italica Lifestyle Limited
PILANIINVS,Pilani Investment and Industries Corporation Limited
PIONDIST,Pioneer Distilleries Limited
PIONEEREMB,Pioneer Embroideries Limited
PEL,Piramal Enterprises Limited
PITTIENG,Pitti Engineering Limited
PLASTIBLEN,Plastiblends India Limited
PNBGILTS,PNB Gilts Limited
PNBHOUSING,PNB Housing Finance Limited
PNCINFRA,PNC Infratech Limited
PODDARHOUS,Poddar Housing and Development Limited
PODDARMENT,Poddar Pigments Limited
POKARNA,Pokarna Limited
POLYMED,Poly Medicure Limited
POLYCAB,Polycab India Limited
POLYPLEX,Polyplex Corporation Limited
PONNIERODE,Ponni Sugars (Erode) Limited
PIGL,Power & Instrumentation (Gujarat) Limited
PFC,Power Finance Corporation Limited
POWERGRID,Power Grid Corporation of India Limited
POWERMECH,Power Mech Projects Limited
POWERFUL,Powerful Technologies Limited
PPAP,PPAP Automotive Limited
PRABHAT,Prabhat Dairy Limited
PRADIP,Pradip Overseas Limited
PRAJIND,Praj Industries Limited
PRAENG,Prajay Engineers Syndicate Limited
PRAKASH,Prakash Industries Limited
PPL,Prakash Pipes Limited
PRAKASHSTL,Prakash Steelage Limited
DIAMONDYD,Prataap Snacks Limited
PRAXIS,Praxis Home Retail Limited
PRECAM,Precision Camshafts Limited
PRECWIRE,Precision Wires India Limited
PRECOT,Precot Meridian Limited
PREMEXPLN,Premier Explosives Limited
PREMIER,Premier Limited
PREMIERPOL,Premier Polyfilm Limited
PRESSMN,Pressman Advertising Limited
PRESTIGE,Prestige Estates Projects Limited
PRICOLLTD,Pricol Limited
PFOCUS,Prime Focus Limited
PRIMESECU,Prime Securities Limited
PRINCEPIPE,Prince Pipes And Fittings Limited
PRSMJOHNSN,Prism Johnson Limited
PRITI,Priti International Limited
PNC,Pritish Nandy Communications Limited
PGHL,Procter & Gamble Health Limited
PGHH,Procter & Gamble Hygiene and Health Care Limited
PROLIFE,Prolife Industries Limited
PROSEED,Proseed India Limited
PROZONINTU,Prozone Intu Properties Limited
PSL,PSL Limited
PSPPROJECT,PSP Projects Limited
PFS,PTC India Financial Services Limited
PTC,PTC India Limited
PTL,PTL Enterprises Limited
PDMJEPAPER,Pudumjee Paper Products Limited
PULZ,Pulz Electronics Limited
PUNJLLOYD,Punj Lloyd Limited
PSB,Punjab & Sind Bank
PUNJABCHEM,Punjab Chemicals & Crop Protection Limited
PNB,Punjab National Bank
PURVA,Puravankara Limited
PUSHPREALM,Pushpanjali Realms and Infratech Limited
PVR,PVR Limited
QUESS,Quess Corp Limited
QUICKHEAL,Quick Heal Technologies Limited
RMDRIP,R M Drip and Sprinklers Systems Limited
RSYSTEMS,R Systems International Limited
RSSOFTWARE,R. S. Software (India) Limited
RPPINFRA,R.P.P. Infra Projects Limited
RADAAN,Radaan Mediaworks India Limited
RMCL,Radha Madhav Corporation Limited
RADICO,Radico Khaitan Limited
RVNL,Rail Vikas Nigam Limited
RAIN,Rain Industries Limited
RAJOIL,Raj Oil Mills Limited
RAJRAYON,Raj Rayon Industries Limited
RAJTV,Raj Television Network Limited
ARENTERP,Rajdarshan Industries Limited
RAJESHEXPO,Rajesh Exports Limited
RAJMET,Rajnandini Metal Limited
RPPL,Rajshree Polypack Limited
RAJSREESUG,Rajshree Sugars & Chemicals Limited
RALLIS,Rallis India Limited
RAMASTEEL,Rama Steel Tubes Limited
RAMCOIND,Ramco Industries Limited
RAMCOSYS,Ramco Systems Limited
RKFORGE,Ramkrishna Forgings Limited
RAMKY,Ramky Infrastructure Limited
RAMSARUP,Ramsarup Industries Limited
RANASUG,Rana Sugars Limited
RML,Rane (Madras) Limited
RBL,Rane Brake Lining Limited
RANEENGINE,Rane Engine Valve Limited
RANEHOLDIN,Rane Holdings Limited
RCF,Rashtriya Chemicals and Fertilizers Limited
RATNAMANI,Ratnamani Metals & Tubes Limited
RTNINFRA,RattanIndia Infrastructure Limited
RTNPOWER,RattanIndia Power Limited
RKDL,Ravi Kumar Distilleries Limited
RAYMOND,Raymond Limited
RBLBANK,RBL Bank Limited
RECLTD,REC Limited
REDINGTON,Redington (India) Limited
REFEX,Refex Industries Limited
RELAXO,Relaxo Footwears Limited
RELIABLE,Reliable Data Services Limited
RELCAPITAL,Reliance Capital Limited
RCOM,Reliance Communications Limited
RHFL,Reliance Home Finance Limited
RIIL,Reliance Industrial Infrastructure Limited
RELIANCE,Reliance Industries Limited
RELINFRA,Reliance Infrastructure Limited
RNAVAL,Reliance Naval and Engineering Limited
RPOWER,Reliance Power Limited
RELIGARE,Religare Enterprises Limited
REMSONSIND,Remsons Industries Limited
RGL,Renaissance Global Limited
REPCOHOME,Repco Home Finance Limited
REPRO,Repro India Limited
RESPONIND,Responsive Industries Limited
REVATHI,Revathi Equipment Limited
RICOAUTO,Rico Auto Industries Limited
RITES,RITES Limited
RKEC,RKEC Projects Limited
ROHITFERRO,Rohit Ferro-Tech Limited
ROLLT,Rollatainers Limited
ROLTA,Rolta India Limited
ROSSARI,Rossari Biotech Limited
ROSSELLIND,Rossell India Limited
ROUTE,Route Mobile Limited
ROHLTD,Royal Orchid Hotels Limited
RPGLIFE,RPG Life Sciences Limited
RSWM,RSWM Limited
RUCHINFRA,Ruchi Infrastructure Limited
RUCHI,Ruchi Soya Industries Limited
RUCHIRA,Ruchira Papers Limited
REPL,Rudrabhishek Enterprises Limited
RUPA,Rupa & Company Limited
RUSHIL,Rushil Decor Limited
SCHAND,S Chand And Company Limited
SHK,S H Kelkar and Company Limited
S&SPOWER,S&S Power Switchgears Limited
SPAL,S. P. Apparels Limited
SALSTEEL,S.A.L. Steel Limited
SEPOWER,S.E. Power Limited
SSINFRA,S.S. Infrastructure Development Consultants Limited
SABEVENTS,Sab Events & Governance Now Media Limited
SADBHAV,Sadbhav Engineering Limited
SADBHIN,Sadbhav Infrastructure Project Limited
SAFARI,Safari Industries (India) Limited
SAGCEM,Sagar Cements Limited
SAGARDEEP,Sagardeep Alloys Limited
SAKAR,Sakar Healthcare Limited
SAKETH,Saketh Exim Limited
SAKSOFT,Saksoft Limited
SAKHTISUG,Sakthi Sugars Limited
SAKUMA,Sakuma Exports Limited
SECL,Salasar Exteriors and Contour Limited
SALASAR,Salasar Techno Engineering Limited
SALONA,Salona Cotspin Limited
SALZERELEC,Salzer Electronics Limited
SAMBHAAV,Sambhaav Media Limited
SANCO,Sanco Industries Limited
SANDHAR,Sandhar Technologies Limited
SANGAMIND,Sangam (India) Limited
SANGHIIND,Sanghi Industries Limited
SANGHVIFOR,Sanghvi Forging and Engineering Limited
SANGHVIMOV,Sanghvi Movers Limited
SANGINITA,Sanginita Chemicals Limited
SANOFI,Sanofi India Limited
SANWARIA,Sanwaria Consumer Limited
SARDAEN,Sarda Energy & Minerals Limited
SAREGAMA,Saregama India Limited
SARLAPOLY,Sarla Performance Fibers Limited
SARVESHWAR,Sarveshwar Foods Limited
SASKEN,Sasken Technologies Limited
SASTASUNDR,Sastasundar Ventures Limited
SATHAISPAT,Sathavahana Ispat Limited
SATIA,Satia Industries Limited
SATIN,Satin Creditcare Network Limited
SOTL,Savita Oil Technologies Limited
SBICARD,SBI Cards and Payment Services Limited
SBILIFE,SBI Life Insurance Company Limited
SCHAEFFLER,Schaeffler India Limited
SCHNEIDER,Schneider Electric Infrastructure Limited
SEAMECLTD,Seamec Limited
SECURCRED,SecUR Credentials Limited
SIS,Security and Intelligence Services (India) Limited
SELMCL,SEL Manufacturing Company Limited
SELAN,Selan Exploration Technology Limited
SEQUENT,Sequent Scientific Limited
SERVOTECH,Servotech Power Systems Limited
SESHAPAPER,Seshasayee Paper and Boards Limited
SETCO,Setco Automotive Limited
SETUINFRA,Setubandhan Infrastructure Limited
SEYAIND,Seya Industries Limited
SEZAL,Sezal Glass Limited
SHAHALLOYS,Shah Alloys Limited
SHAIVAL,Shaival Reality Limited
SHAKTIPUMP,Shakti Pumps (India) Limited
SHALBY,Shalby Limited
SHALPAINTS,Shalimar Paints Limited
SHANKARA,Shankara Building Products Limited
SHANTIGEAR,Shanthi Gears Limited
SHANTI,Shanti Overseas (India) Limited
SHARDACROP,Sharda Cropchem Limited
SHARDAMOTR,Sharda Motor Industries Limited
SHARONBIO,Sharon Bio-Medicine Limited
SFL,Sheela Foam Limited
SPYL,Shekhawati Poly-Yarn Limited
SHEMAROO,Shemaroo Entertainment Limited
SHILPAMED,Shilpa Medicare Limited
SCI,Shipping Corporation of India Limited
SHIRPUR-G,Shirpur Gold Refinery Limited
SHIVAUM,Shiv Aum Steels Limited
SHIVAMILLS,Shiva Mills Limited
SHIVATEX,Shiva Texyarn Limited
SHIVAMAUTO,Shivam Autotech Limited
SHOPERSTOP,Shoppers Stop Limited
SHRADHA,Shradha Infraprojects Limited
SHREECEM,Shree Cement Limited
SHREDIGCEM,Shree Digvijay Cement Co.Ltd
SHREEPUSHK,Shree Pushkar Chemicals & Fertilisers Limited
SRPL,Shree Ram Proteins Limited
SHREERAMA,Shree Rama Multi-Tech Limited
RAMANEWS,Shree Rama Newsprint Limited
RENUKA,Shree Renuka Sugars Limited
TIRUPATI,Shree Tirupati Balajee FIBC Limited
SVLL,Shree Vasu Logistics Limited
OSWALSEEDS,ShreeOswal Seeds And Chemicals Limited
SHRENIK,Shrenik Limited
SHREYANIND,Shreyans Industries Limited
SHREYAS,Shreyas Shipping & Logistics Limited
SRIRAM,Shri Ram Switchgears Limited
SHRIRAMCIT,Shriram City Union Finance Limited
SHRIRAMEPC,Shriram EPC Limited
SHRIPISTON,Shriram Pistons & Rings Limited
SRTRANSFIN,Shriram Transport Finance Company Limited
SHUBHLAXMI,Shubhlaxmi Jewel Art Limited
SHYAMCENT,Shyam Century Ferrous Limited
SHYAMMETL,Shyam Metalics and Energy Ltd
SHYAMTEL,Shyam Telecom Limited
SICAGEN,Sicagen India Limited
SICAL,Sical Logistics Limited
SIEMENS,Siemens Limited
SIGIND,Signet Industries Limited
SIKKO,Sikko Industries Limited
SILINV,SIL Investments Limited
SILGO,Silgo Retail Limited
SILLYMONKS,Silly Monks Entertainment Limited
SILVERTUC,Silver Touch Technologies Limited
SIMBHALS,Simbhaoli Sugars Limited
SIMPLEXINF,Simplex Infrastructures Limited
SINTERCOM,Sintercom India Limited
SINTEX,Sintex Industries Limited
SPTL,Sintex Plastics Technology Limited
SIRCA,Sirca Paints India Limited
SITINET,Siti Networks Limited
SIYSIL,Siyaram Silk Mills Limited
SJVN,SJVN Limited
SKFINDIA,SKF India Limited
SKIL,SKIL Infrastructure Limited
SKIPPER,Skipper Limited
SKMEGGPROD,SKM Egg Products Export (India) Limited
SKSTEXTILE,SKS Textiles Limited
SMARTLINK,Smartlink Holdings Limited
SMLISUZU,SML Isuzu Limited
SMSLIFE,SMS Lifesciences India Limited
SMSPHARMA,SMS Pharmaceuticals Limited
SMVD,SMVD Poly Pack Limited
SNOWMAN,Snowman Logistics Limited
SOBHA,Sobha Limited
SOFTTECH,Softtech Engineers Limited
SOLARINDS,Solar Industries India Limited
SOLARA,Solara Active Pharma Sciences Limited
SOLEX,Solex Energy Limited
SDBL,Som Distilleries & Breweries Limited
SOMATEX,Soma Textiles & Industries Limited
SOMANYCERA,Somany Ceramics Limited
SHIL,Somany Home Innovation Limited
SOMICONVEY,Somi Conveyor Beltings Limited
SONAHISONA,Sona Hi Sona Jewellers (Gujarat) Limited
SONAMCLOCK,Sonam Clock Limited
SONATSOFTW,Sonata Software Limited
SONISOYA,Soni Soya Products Limited
SORILINFRA,SORIL Infra Resources Limited
SOUTHWEST,South West Pinnacle Exploration Limited
SPIC,Southern Petrochemicals Industries Corporation Limited
SPCENET,Spacenet Enterprises India Limited
SPANDANA,Spandana Sphoorty Financial Limited
SPECIALITY,Speciality Restaurants Limited
SPECTRUM,Spectrum Electrical Industries Limited
SPENCERS,Spencer's Retail Limited
SPENTEX,Spentex Industries Limited
SPLIL,SPL Industries Limited
SMPL,Splendid Metal Products Limited
SPMLINFRA,SPML Infra Limited
SRHHYPOLTD,Sree Rayalaseema Hi-Strength Hypo Limited
SREEL,Sreeleathers Limited
SREINFRA,SREI Infrastructure Finance Limited
SRF,SRF Limited
SABTN,Sri Adhikari Brothers Television Network Limited
HAVISHA,Sri Havisha Hospitality and Infrastructure Limited
SRIPIPES,Srikalahasthi Pipes Limited
STAMPEDE,Stampede Capital Limited
SIL,Standard Industries Limited
STARCEMENT,Star Cement Limited
STARPAPER,Star Paper Mills Limited
SBIN,State Bank of India
SAIL,Steel Authority of India Limited
STEELCITY,Steel City Securities Limited
STEELXIND,Steel Exchange India Limited
SSWL,Steel Strips Wheels Limited
STEL,Stel Holdings Limited
SWSOLAR,Sterling And Wilson Solar Limited
STERTOOLS,Sterling Tools Limited
STRTECH,Sterlite Technologies Limited
STINDIA,STI India Limited
SGL,STL Global Limited
STAR,Strides Pharma Science Limited
SUBEXLTD,Subex Limited
SUBROS,Subros Limited
SUDARSCHEM,Sudarshan Chemical Industries Limited
SUJANAUNI,Sujana Universal Industries Limited
SUMEETINDS,Sumeet Industries Limited
SUMIT,Sumit Woods Limited
SUMICHEM,Sumitomo Chemical India Limited
SUMMITSEC,Summit Securities Limited
SPARC,Sun Pharma Advanced Research Company Limited
SUNPHARMA,Sun Pharmaceutical Industries Limited
SUNTV,Sun TV Network Limited
SUNDRMBRAK,Sundaram Brake Linings Limited
SUNCLAYLTD,Sundaram Clayton Limited
SUNDARMHLD,Sundaram Finance Holdings Limited
SUNDARMFIN,Sundaram Finance Limited
SUNDARAM,Sundaram Multi Pap Limited
SUNDRMFAST,Sundram Fasteners Limited
SUNFLAG,Sunflag Iron And Steel Company Limited
SUNTECK,Sunteck Realty Limited
SUPERSPIN,Super Spinning Mills Limited
SUPERHOUSE,Superhouse Limited
SUPRAJIT,Suprajit Engineering Limited
SUPREMEENG,Supreme Engineering Limited
SUPREMEIND,Supreme Industries Limited
SUPREMEINF,Supreme Infrastructure India Limited
SUPRIYA,Supriya Life Sciences Ltd.
SUPPETRO,Supreme Petrochem Limited
SURANASOL,Surana Solar Limited
SURANAT&P,Surana Telecom and Power Limited
SURANI,Surani Steel Tubes Limited
SUREVIN,Surevin BPO Services Limited
SURYAROSNI,Surya Roshni Limited
SURYALAXMI,Suryalakshmi Cotton Mills Limited
SUTLEJTEX,Sutlej Textiles and Industries Limited
SUULD,Suumaya Lifestyle Limited
SUVEN,Suven Life Sciences Limited
SUVENPHAR,Suven Pharmaceuticals Limited
SUZLON,Suzlon Energy Limited
SWANENERGY,Swan Energy Limited
SWARAJENG,Swaraj Engines Limited
SWELECTES,Swelect Energy Systems Limited
SYMPHONY,Symphony Limited
SYNCOM,Syncom Healthcare Limited
SYNGENE,Syngene International Limited
TTL,T T Limited
TAINWALCHM,Tainwala Chemical and Plastic (I) Limited
TAJGVK,Taj GVK Hotels & Resorts Limited
TAKE,Take Solutions Limited
TALBROAUTO,Talbros Automotive Components Limited
TALWALKARS,Talwalkars Better Value Fitness Limited
TALWGYM,Talwalkars Healthclubs Limited
TNPL,Tamil Nadu Newsprint & Papers Limited
TNPETRO,Tamil Nadu PetroProducts Limited
TNTELE,Tamil Nadu Telecommunication Limited
TANLA,Tanla Solutions Limited
TANTIACONS,Tantia Constructions Limited
TARACHAND,Tara Chand Logistic Solutions Limited
TARMAT,Tarmat Limited
TASTYBITE,Tasty Bite Eatables Limited
TATACHEM,Tata Chemicals Limited
TATACOFFEE,Tata Coffee Limited
TATACOMM,Tata Communications Limited
TCS,Tata Consultancy Services Limited
TATACONSUM,Tata Consumer Products Limited
TATAELXSI,Tata Elxsi Limited
TATAINVEST,Tata Investment Corporation Limited
TATAMETALI,Tata Metaliks Limited
TATAMOTORS,Tata Motors Limited
TATAPOWER,Tata Power Company Limited
TATASTLBSL,Tata Steel Bsl Limited
TATASTEEL,Tata Steel Limited
TATASTLLP,Tata Steel Long Products Limited
TTML,Tata Teleservices (Maharashtra) Limited
TCIDEVELOP,TCI Developers Limited
TCIEXP,TCI Express Limited
TCIFINANCE,TCI Finance Limited
TCNSBRANDS,TCNS Clothing Co. Limited
TCPLPACK,TCPL Packaging Limited
TDPOWERSYS,TD Power Systems Limited
TEAMLEASE,Teamlease Services Limited
TECHM,Tech Mahindra Limited
TECHIN,Techindia Nirman Limited
TECHNOE,Techno Electric & Engineering Company Limited
TIIL,Technocraft Industries (India) Limited
TECHNOFAB,Technofab Engineering Limited
TEJASNET,Tejas Networks Limited
TERASOFT,Tera Software Limited
TEXINFRA,Texmaco Infrastructure & Holdings Limited
TEXRAIL,Texmaco Rail & Engineering Limited
TEXMOPIPES,Texmo Pipes and Products Limited
TGBHOTELS,TGB Banquets And Hotels Limited
THANGAMAYL,Thangamayil Jewellery Limited
ANDHRSUGAR,The Andhra Sugars Limited
ANUP,The Anup Engineering Limited
BYKE,The Byke Hospitality Ltd
FEDERALBNK,The Federal Bank Limited
GESHIP,The Great Eastern Shipping Company Limited
GROBTEA,The Grob Tea Company Limited
HITECHGEAR,The Hi-Tech Gears Limited
INDIACEM,The India Cements Limited
INDHOTEL,The Indian Hotels Company Limited
THEINVEST,The Investment Trust Of India Limited
J&KBANK,The Jammu & Kashmir Bank Limited
KTKBANK,The Karnataka Bank Limited
TMRVL,The Mandhana Retail Ventures Limited
MOTOGENFIN,The Motor & General Finance Limited
NIACL,The New India Assurance Company Limited
ORISSAMINE,The Orissa Minerals Development Company Limited
PKTEA,The Peria Karamalai Tea & Produce Company Limited
PHOENIXLTD,The Phoenix Mills Limited
RAMCOCEM,The Ramco Cements Limited
RUBYMILLS,The Ruby Mills Limited
SANDESH,The Sandesh Limited
SOUTHBANK,The South Indian Bank Limited
STCINDIA,The State Trading Corporation of India Limited
TINPLATE,The Tinplate Company of India Limited
UGARSUGAR,The Ugar Sugar Works Limited
UNITEDTEA,The United Nilgiri Tea Estates Company Limited
WIPL,The Western India Plywoods Limited
THEJO,Thejo Engineering Limited
THEMISMED,Themis Medicare Limited
THERMAX,Thermax Limited
THIRUSUGAR,Thiru Arooran Sugars Limited
TIRUMALCHM,Thirumalai Chemicals Limited
THOMASCOOK,Thomas Cook (India) Limited
THOMASCOTT,Thomas Scott (India) Limited
THYROCARE,Thyrocare Technologies Limited
TIDEWATER,Tide Water Oil Company (India) Limited
TIJARIA,Tijaria Polypipes Limited
TIL,TIL Limited
TI,Tilaknagar Industries Limited
TIMETECHNO,Time Technoplast Limited
TIMESGTY,Times Guaranty Limited
TIMKEN,Timken India Limited
TIPSINDLTD,TIPS Industries Limited
TIRUPATIFL,Tirupati Forge Limited
TWL,Titagarh Wagons Limited
TITAN,Titan Company Limited
TOKYOPLAST,Tokyo Plast International Limited
TORNTPHARM,Torrent Pharmaceuticals Limited
TORNTPOWER,Torrent Power Limited
TOTAL,Total Transport Systems Limited
TOUCHWOOD,Touchwood Entertainment Limited
TFCILTD,Tourism Finance Corporation of India Limited
TPLPLASTEH,TPL Plastech Limited
TRIL,Transformers And Rectifiers (India) Limited
TCI,Transport Corporation of India Limited
TFL,Transwarranty Finance Limited
TRANSWIND,Transwind Infrastructures Limited
TREEHOUSE,Tree House Education & Accessories Limited
TREJHARA,Trejhara Solutions Limited
TRENT,Trent Limited
TRF,TRF Limited
TBZ,Tribhovandas Bhimji Zaveri Limited
TRIDENT,Trident Limited
TRIGYN,Trigyn Technologies Limited
TRIVENI,Triveni Engineering & Industries Limited
TRITURBINE,Triveni Turbine Limited
TTKHLTCARE,TTK Healthcare Limited
TTKPRESTIG,TTK Prestige Limited
TIINDIA,Tube Investments of India Limited
TVTODAY,TV Today Network Limited
TVVISION,TV Vision Limited
TV18BRDCST,TV18 Broadcast Limited
TVSELECT,TVS Electronics Limited
TVSMOTOR,TVS Motor Company Limited
TVSSRICHAK,TVS Srichakra Limited
UCALFUEL,Ucal Fuel Systems Limited
UCOBANK,UCO Bank
UFLEX,UFLEX Limited
UFO,UFO Moviez India Limited
UJAAS,Ujaas Energy Limited
UJJIVAN,Ujjivan Financial Services Limited
UJJIVANSFB,Ujjivan Small Finance Bank Limited
UWCSL,Ultra Wiring Connectivity System Limited
ULTRACEMCO,UltraTech Cement Limited
UMANGDAIRY,Umang Dairies Limited
UNICHEMLAB,Unichem Laboratories Limited
UNIINFO,Uniinfo Telecom Services Limited
UNIONBANK,Union Bank of India
UNIENTER,Uniphos Enterprises Limited
UNIPLY,Uniply Industries Limited
UNITECH,Unitech Limited
UBL,United Breweries Limited
UNITEDPOLY,United Polyfab Gujarat Limited
MCDOWELL-N,United Spirits Limited
UNITY,Unity Infraprojects Limited
UNIVASTU,Univastu India Limited
UNIVCABLES,Universal Cables Limited
UNIVPHOTO,Universus Photo Imagings Limited
UPL,UPL Limited
URAVI,Uravi T and Wedge Lamps Limited
URJA,Urja Global Limited
UMESLTD,Usha Martin Education & Solutions Limited
USHAMART,Usha Martin Limited
UCL,Ushanti Colour Chem Limited
UTIAMC,UTI Asset Management Company Limited
UTTAMSTL,Uttam Galva Steels Limited
UTTAMSUGAR,Uttam Sugar Mills Limited
UVSL,Uttam Value Steels Limited
VSTTILLERS,Shukla industries Pvt LTD
V2RETAIL,V2 Retail Limited
WABAG,VA Tech Wabag Limited
VADILALIND,Vadilal Industries Limited
VSCL,Vadivarhe Speciality Chemicals Limited
VAIBHAVGBL,Vaibhav Global Limited
VAISHALI,Vaishali Pharma Limited
VAKRANGEE,Vakrangee Limited
VARDHACRLC,Vardhman Acrylics Limited
VHL,Vardhman Holdings Limited
VARDMNPOLY,Vardhman Polytex Limited
VSSL,Vardhman Special Steels Limited
VTL,Vardhman Textiles Limited
VARROC,Varroc Engineering Limited
VBL,Varun Beverages Limited
VASA,Vasa Retail and Overseas Ltd
VASCONEQ,Vascon Engineers Limited
VASWANI,Vaswani Industries Limited
VCL,Vaxtex Cotfab Limited
VEDL,Vedanta Limited
VENKEYS,Venky's (India) Limited
VENUSREM,Venus Remedies Limited
VERA,Vera Synthetic Limited
VERTOZ,Vertoz Advertising Limited
VESUVIUS,Vesuvius India Limited
VETO,Veto Switchgears And Cables Limited
VGUARD,V-Guard Industries Limited
VICEROY,Viceroy Hotels Limited
VIDEOIND,Videocon Industries Limited
VIDHIING,Vidhi Specialty Food Ingredients Limited
VIJIFIN,Viji Finance Limited
VIKASECO,Vikas EcoTech Limited
VIKASMCORP,Vikas Multicorp Limited
VIMTALABS,Vimta Labs Limited
VINATIORGA,Vinati Organics Limited
VINDHYATEL,Vindhya Telelinks Limited
VINNY,Vinny Overseas Limited
VINYLINDIA,Vinyl Chemicals (India) Limited
VIPCLOTHNG,VIP Clothing Limited
VIPIND,VIP Industries Limited
VIPULLTD,Vipul Limited
VISASTEEL,Visa Steel Limited
VIVIDHA,Visagar Polytex Limited
VISAKAIND,Visaka Industries Limited
VISHNU,Vishnu Chemicals Limited
VISHWARAJ,Vishwaraj Sugar Industries Limited
VIVIMEDLAB,Vivimed Labs Limited
VLSFINANCE,VLS Finance Limited
VMART,V-Mart Retail Limited
IDEA,Vodafone Idea Limited
VOLTAMP,Voltamp Transformers Limited
VOLTAS,Voltas Limited
VRLLOG,VRL Logistics Limited
VSTIND,VST Industries Limited
WSI,W S Industries (I) Limited
WABCOINDIA,WABCO India Limited
WALCHANNAG,Walchandnagar Industries Limited
WANBURY,Wanbury Limited
WEALTH,Wealth First Portfolio Managers Limited
WEBELSOLAR,Websol Energy System Limited
WEIZMANIND,Weizmann Limited
WELCORP,Welspun Corp Limited
WELENT,Welspun Enterprises Limited
WELSPUNIND,Welspun India Limited
WELINV,Welspun Investments and Commercials Limited
WENDT,Wendt (India) Limited
WSTCSTPAPR,West Coast Paper Mills Limited
WHEELS,Wheels India Limited
WHIRLPOOL,Whirlpool of India Limited
WILLAMAGOR,Williamson Magor & Company Limited
WINDMACHIN,Windsor Machines Limited
WIPRO,Wipro Limited
WOCKPHARMA,Wockhardt Limited
WFL,Wonder Fibromats Limited
WONDERLA,Wonderla Holidays Limited
WORTH,Worth Peripherals Limited
XCHANGING,Xchanging Solutions Limited
XELPMOC,Xelpmoc Design And Tech Limited
XPROINDIA,Xpro India Limited
YESBANK,Yes Bank Limited
ZEEL,Zee Entertainment Enterprises Limited
ZEELEARN,Zee Learn Limited
ZEEMEDIA,Zee Media Corporation Limited
ZENTEC,Zen Technologies Limited
ZENITHBIR,Zenith Birla (India) Limited
ZENITHEXPO,Zenith Exports Limited
ZENSARTECH,Zensar Technologies Limited
ZICOM,Zicom Electronic Security Systems Limited
ZODIACLOTH,Zodiac Clothing Company Limited
ZODIAC,Zodiac Energy Limited
ZODJRDMKJ,Zodiac JRD- MKJ Limited
ZOMATO,
ZOTA,Zota Health Care LImited
ZUARI,Zuari Agro Chemicals Limited
ZUARIGLOB,Zuari Global Limited
ZYDUSWELL,Zydus Wellness Limited
